Code,Prenom,Nom,datePoste
1,Chantal,MAUCHET,22/03/20
2,Fanny,ANOR,06/11/24
3,Christophe,NOËL DU PAYRAT,08/01/25
4,Marc,CHAPPUIS,20/07/22
5,Dominique,DUFOUR,20/07/22
6,Laurent,HOTTIAUX,28/04/25
7,Sophie,ELIZÉON,13/07/23
8,Alain,BUCQUET,03/11/21
9,Simon,BERTOUX,13/07/23
10,Pascal,COURTADE,23/10/24
11,Christian,POUGET,13/07/23
12,Claire,CHAUFFOUR-ROUILLARD,06/11/24
13,Georges-François,LECLERC,03/01/25
14,Stéphane,BREDIN,13/07/23
15,Philippe,LOOS,23/10/24
16,Jérôme,HARNOIS,03/07/24
17,Brice,BLONDEL,13/07/23
18,Maurice,BARATE,29/07/22
19,Vincent,BERTON,15/01/25
2A,Jérôme,FILIPPINI,10/10/24
2B,Michel,PROSIC,20/07/22
21,Paul,MOURIER,10/10/24
22,François,GUILLOTOU DE KÉREVER,23/10/24
23,Anne,FRACKOWIAK-JACOBS,15/03/23
24,Marie,AUBERT,06/11/24
25,Remi,BASTILLE,12/01/24
26,Thierry,DEVIMEUX,13/07/23
27,Charles,GIUSTI,31/10/24
28,Hervé,JONATHAN,13/07/23
29,Louis,LE FRANC,28/04/25
30,Jérôme,BONET,13/07/23
31,Pierre-André,DURAND,30/01/23
32,Alain,CASTANIER,27/11/24
33,Étienne,GUYOT,11/01/23
34,François-Xavier,LAUCH,13/09/23
35,Amaury,DE SAINT QUENTIN,10/10/24
36,Thibault,LANXADE,13/07/23
37,Thomas,CAMPEAUX,06/11/24
38,Catherine,SEGUIN,06/11/24
39,Pierre-Edouard,COLLIEX,12/03/25
40,Gilles,CLAVREUL,26/03/25
41,Xavier,PELLETIER,13/07/23
42,Alexandre,ROCHATTE,11/01/23
43,Yvan,CORDIER,13/07/23
44,Fabrice,RIGOULET-ROZE,11/01/23
45,Sophie,BROCAS,13/07/23
46,Claire,RAULIN,13/07/23
47,Daniel,BARNIER,13/07/23
48,Gilles,QUÉNÉHERVÉ,06/11/24
49,Philippe,CHOPIN,06/09/23
50,Xavier,BRUNETIERE,13/07/23
51,Henri,PREVOST,04/04/22
52,Régine,PAM,13/07/23
53,Marie-Aimée,GASPARI,11/01/23
54,Marie-Françoise,SOULIMAN,13/07/23
55,Xavier,DELARUE,15/02/23
57,Pascal,BOLOT,28/04/25
58,Fabienne,DECOTTIGNIES,23/10/24
59,Bertrand,GAUME,05/02/24
60,Jean-Marie,CAILLAUD,06/11/24
61,Sébastien,JALLET,12/01/22
62,Laurent,TOUVET,09/04/25
63,Joel,MATHURIN,06/09/23
64,Jean-Marie,GIRIER,06/11/24
65,Jean,SALOMON,20/07/22
66,Thierry,BONNIER,13/07/23
67,Jacques,WITKOWSKI,10/10/24
68,Thierry,QUEFFELEC,13/07/23
69,Fabienne,BUCCIO,11/01/23
70,Régis,VOYRON,30/01/23
71,Pascal,LEGLAND,13/07/23
72,Gérard,DUPUY,13/07/23
73,Marc,VUILLEMIN,13/07/23
74,Sylvie,LAGARDE,13/07/23
75,Olivier,MAUREL,30/01/23
76,Jean-Benoît,ALBERTINI,30/01/23
77,Pierre,ORY,06/09/23
78,Frédéric,ROSE,04/03/24
79,Simon,FETET,19/03/25
80,Rollon,MOUCHEL-BLAISOT,13/07/23
81,Laurent,BUCHAILLAT,21/10/24
82,Vincent,ROBERTI,22/03/23
83,Philippe,MAHÉ,13/07/23
84,Thierry,SUQUET,14/02/24
85,Gérard,GAVORY,03/11/21
86,Serge,BOULANGER,06/11/24
87,François,PESNEAU,13/07/23
88,Valérie,MICHEL MOREAUX,05/10/22
89,Pascal,JAN,04/04/22
90,Alain,CHARRIER,06/11/24
91,Frédérique,CAMILLERI,04/03/24
92,Alexandre,BRUGÈRE,31/10/24
93,Julien,CHARLES,06/11/24
94,Etienne,STOSKOPF,06/11/24
95,Philippe,COURT,09/03/22
971,Xavier,LEFORT,11/01/23
972,Etienne,DESPLANQUES,15/01/25
973,Antoine,POUSSIER,13/07/23
974,Patrice,LATRON,31/10/24
975,Bruno,ANDRÉ,13/07/23
976,François-Xavier,BIEUVILLE,24/02/24
